,Parameters,PDB,State,Pocket,Type,Filter,Score,Drug score,a-sphere,SASA,Volume,Hydrophobic density,Apolar a-sphere proportion,Hydrophobicity score,Polarity score,PocketNT,Pocket npr1,Pocket npr2,Pocket overlap,Ligand overlap,Center criteria,Ligand npr1,Ligand npr2,QED score
0,-m 3.0 -M 5.7 -i 42 -D 1.65 -A 3 -p 0.0,1lvj,1,1,Novel,Pass,0.4,0.001,65,97,3e+02,1,0.031,-2.7,5,"[30, 31, 32, 33, 34, 35, 36]",0.57,0.77,0,0,17,,,
0,-m 3.0 -M 5.7 -i 42 -D 1.65 -A 3 -p 0.0,1lvj,2,1,Known,Pass,0.37,0.27,109,1.2e+02,3.6e+02,15,0.18,8.6,2,"[22, 23, 24, 25, 26, 39, 40]",0.47,0.75,1,0.98,0.53,0.5,0.61,0.76
0,-m 3.0 -M 5.7 -i 42 -D 1.65 -A 3 -p 0.0,1lvj,3,1,Known,Pass,0.35,0.47,128,1.4e+02,4.6e+02,11,0.12,8.6,2,"[22, 23, 24, 25, 26, 39, 40]",0.48,0.69,0.96,0.89,0.72,0.5,0.61,0.76
0,-m 3.0 -M 5.7 -i 42 -D 1.65 -A 3 -p 0.0,1lvj,4,1,Known,Pass,0.33,0.58,112,1.5e+02,3.9e+02,18,0.18,8.6,2,"[22, 23, 24, 25, 26, 39, 40]",0.35,0.87,0.97,0.82,0.86,0.5,0.61,0.76
0,-m 3.0 -M 5.7 -i 42 -D 1.65 -A 3 -p 0.0,1lvj,5,1,Known,Pass,0.3,0.19,108,1.4e+02,4.2e+02,12,0.13,8.6,2,"[22, 23, 24, 25, 26, 39, 40]",0.53,0.67,0.95,0.8,0.56,0.5,0.61,0.76
1,-m 3.0 -M 5.7 -i 42 -D 1.65 -A 3 -p 0.0,1lvj,5,2,Novel,Pass,0.18,0.35,42,51,1.5e+02,12,0.31,-12,4,"[31, 33, 34, 35, 36]",0.46,0.84,0,0,18,,,
0,-m 3.0 -M 5.7 -i 42 -D 1.65 -A 3 -p 0.0,1lvj,6,1,Known,Pass,0.39,0.65,116,1.2e+02,3.4e+02,9.5,0.1,8.6,2,"[22, 23, 24, 25, 26, 39, 40]",0.45,0.8,1,0.98,0.86,0.5,0.61,0.76
0,-m 3.0 -M 5.7 -i 42 -D 1.65 -A 3 -p 0.0,1lvj,7,1,Known,Pass,0.32,0.45,86,1.3e+02,3.1e+02,4,0.058,15,1,"[23, 24, 25, 26, 39, 40]",0.44,0.82,0.97,0.89,0.86,0.5,0.61,0.76
0,-m 3.0 -M 5.7 -i 42 -D 1.65 -A 3 -p 0.0,1lvj,8,1,Known,Pass,0.34,0.38,131,1.4e+02,4e+02,26,0.22,8.6,2,"[22, 23, 24, 25, 26, 39, 40]",0.44,0.82,0.98,0.93,0.65,0.5,0.61,0.76
1,-m 3.0 -M 5.7 -i 42 -D 1.65 -A 3 -p 0.0,1lvj,8,2,Novel,Pass,0.12,0,73,1.2e+02,3e+02,4.9,0.096,11,3,"[29, 30, 31, 32, 33, 34]",0.55,0.96,0,0,18,,,
0,-m 3.0 -M 5.7 -i 42 -D 1.65 -A 3 -p 0.0,1lvj,9,1,Known,Pass,0.29,0.31,90,1.2e+02,3.6e+02,20,0.23,15,1,"[23, 24, 25, 26, 39, 40]",0.44,0.78,0.97,0.82,0.89,0.5,0.61,0.76
1,-m 3.0 -M 5.7 -i 42 -D 1.65 -A 3 -p 0.0,1lvj,9,2,Novel,Pass,0.26,0.018,59,72,2.3e+02,9,0.17,-2.7,5,"[30, 31, 32, 33, 34, 35, 36]",0.37,0.94,0,0,16,,,
0,-m 3.0 -M 5.7 -i 42 -D 1.65 -A 3 -p 0.0,1lvj,10,1,Known,Pass,0.44,0.74,114,1.1e+02,3.5e+02,28,0.29,8.6,2,"[22, 23, 24, 25, 26, 39, 40]",0.4,0.85,1,0.98,0.48,0.5,0.61,0.76
0,-m 3.0 -M 5.7 -i 42 -D 1.65 -A 3 -p 0.0,1lvj,11,1,Known,Pass,0.34,0.53,115,1.4e+02,4.3e+02,20,0.21,8.6,2,"[22, 23, 24, 25, 26, 39, 40]",0.44,0.8,0.97,0.93,0.42,0.5,0.61,0.76
0,-m 3.0 -M 5.7 -i 42 -D 1.65 -A 3 -p 0.0,1lvj,12,1,Known,Pass,0.46,0.67,115,98,3.4e+02,16,0.16,8.6,2,"[22, 23, 24, 25, 26, 39, 40]",0.4,0.83,1,0.89,0.35,0.5,0.61,0.76
